{"cameraMode":{"drawMode":0,"name":"Shaded","section":"Shading Mode"},"sceneLighting":true,"audioPlay":false,"sceneViewState":{"showFog":true,"showMaterialUpdate":false,"showSkybox":true,"showFlares":true,"showImageEffects":true,"showParticleSystems":true},"in2DMode":false,"pivot":{"x":4.601950168609619,"y":0.5720968246459961,"z":1.2862520217895508},"rotation":{"x":-0.28940579295158389,"y":-0.23602473735809327,"z":0.0738665983080864,"w":-0.9247164130210877},"size":14.283685684204102,"orthographic":false}